id,num_choices,prediction,scores
test_01750,4,2,"[-4.1875, -1.796875, -0.546875, -1.421875]"
test_00128,5,1,"[-1.6640625, -1.1640625, -1.2890625, -1.7890625, -2.90625]"
test_02891,5,1,"[-1.2421875, -1.1171875, -1.6171875, -2.25, -2.5]"
test_02425,5,3,"[-1.453125, -1.453125, -1.953125, -1.328125, -2.078125]"
test_00930,5,0,"[-1.4140625, -1.5390625, -1.7890625, -1.4140625, -2.03125]"
test_03725,5,3,"[-1.59375, -1.59375, -1.96875, -1.21875, -1.84375]"
test_00009,5,1,"[-1.59375, -0.84375, -1.71875, -2.09375, -2.71875]"
test_02880,2,1,"[-1.6015625, -0.228515625]"
test_01208,2,1,"[-1.6015625, -0.228515625]"
test_00619,2,1,"[-0.828125, -0.578125]"
test_00948,2,1,"[-1.5078125, -0.255859375]"
test_01462,2,0,"[-0.63671875, -0.76171875]"
test_01554,2,1,"[-1.5078125, -0.255859375]"
test_02339,2,0,"[-0.6328125, -0.7578125]"
test_01907,2,1,"[-1.5078125, -0.255859375]"
test_02728,2,1,"[-1.6015625, -0.228515625]"
test_00347,5,1,"[-1.6875, -1.1875, -1.5625, -1.5625, -2.4375]"
test_01998,5,1,"[-1.7265625, -1.3515625, -1.4765625, -1.4765625, -2.234375]"
test_02971,5,1,"[-1.6328125, -1.2578125, -2.0, -1.3828125, -2.0]"
test_03429,5,0,"[-1.421875, -1.671875, -2.171875, -1.421875, -1.546875]"
test_02414,5,4,"[-1.4140625, -1.9140625, -2.53125, -1.5390625, -1.1640625]"
test_04028,5,3,"[-1.609375, -1.484375, -1.984375, -1.359375, -1.734375]"
test_02243,5,3,"[-1.625, -1.625, -1.625, -1.375, -1.875]"
test_03513,5,0,"[-1.125, -1.25, -1.75, -2.0, -2.5]"
test_01954,5,3,"[-1.5234375, -1.5234375, -1.8984375, -1.3984375, -1.7734375]"
test_04105,5,3,"[-1.671875, -1.671875, -1.921875, -1.171875, -1.796875]"
test_03070,5,3,"[-1.4375, -1.6875, -1.9375, -1.3125, -1.8125]"
test_01239,5,3,"[-1.8125, -1.6875, -1.9375, -1.0625, -1.8125]"
test_04152,5,0,"[-1.2890625, -1.2890625, -1.7890625, -1.6640625, -2.40625]"
test_02326,5,0,"[-1.0078125, -1.3828125, -1.8828125, -1.7578125, -2.875]"
test_02929,5,3,"[-1.796875, -1.796875, -2.171875, -1.171875, -1.421875]"
test_02616,5,3,"[-1.484375, -1.609375, -2.234375, -1.234375, -1.734375]"
test_00841,5,4,"[-1.453125, -2.828125, -2.453125, -2.078125, -0.703125]"
test_04060,5,3,"[-1.5546875, -1.8046875, -2.421875, -1.0546875, -1.6796875]"
test_03240,5,3,"[-1.390625, -1.515625, -2.140625, -1.265625, -2.015625]"
test_03901,3,2,"[-3.328125, -3.453125, -0.07080078125]"
test_00141,2,1,"[-1.140625, -0.38671875]"
test_00381,2,1,"[-0.97265625, -0.474609375]"
test_00629,2,0,"[-0.314453125, -1.3125]"
test_02774,2,0,"[-0.474609375, -0.9765625]"
test_03277,2,0,"[-0.349609375, -1.2265625]"
test_03412,5,3,"[-1.6015625, -1.6015625, -2.09375, -1.2265625, -1.7265625]"
test_00429,3,2,"[-5.125, -5.0, -0.01312255859375]"
test_00469,5,3,"[-1.4609375, -1.7109375, -2.21875, -1.2109375, -1.7109375]"
test_01889,5,2,"[-3.984375, -3.734375, -0.609375, -2.109375, -1.234375]"
test_00001,3,1,"[-3.65625, -0.0274658203125, -7.03125]"
test_00620,3,0,"[-0.02685546875, -4.78125, -4.03125]"
test_01270,3,1,"[-2.03125, -0.1513671875, -4.78125]"
test_02024,3,0,"[-0.041015625, -3.921875, -3.921875]"
test_02075,3,0,"[-0.07373046875, -3.703125, -3.078125]"
test_03101,3,1,"[-4.25, -0.01495361328125, -7.375]"
test_03301,3,2,"[-4.15625, -5.40625, -0.020751953125]"
test_03936,3,1,"[-4.15625, -0.017333984375, -6.90625]"
test_01058,5,1,"[-1.3359375, -1.2109375, -1.8359375, -1.5859375, -2.59375]"
test_02818,5,1,"[-1.6796875, -1.4296875, -1.6796875, -1.4296875, -1.9296875]"
test_03851,5,1,"[-1.515625, -1.390625, -1.390625, -1.890625, -2.015625]"
test_00171,5,2,"[-2.59375, -2.21875, -0.59375, -2.46875, -1.71875]"
test_00050,5,0,"[-1.3359375, -1.4609375, -1.8359375, -1.5859375, -1.9609375]"
test_02771,5,3,"[-1.5546875, -1.6796875, -1.9296875, -1.3046875, -1.6796875]"
test_02012,5,1,"[-1.5234375, -1.3984375, -1.3984375, -1.7734375, -2.140625]"
test_02088,5,1,"[-1.4453125, -1.1953125, -1.5703125, -1.6953125, -2.6875]"
test_00712,5,2,"[-1.515625, -1.390625, -1.265625, -1.765625, -2.515625]"
test_01241,5,0,"[-1.359375, -1.359375, -1.734375, -1.609375, -2.234375]"
test_00055,3,2,"[-6.25, -4.625, -0.0120849609375]"
test_01097,3,2,"[-8.0, -5.0, -0.007293701171875]"
test_02885,3,0,"[-0.1015625, -2.96875, -3.09375]"
test_04147,3,1,"[-7.75, -0.001617431640625, -7.5]"
test_00130,2,0,"[-0.00201416015625, -7.5]"
test_03028,2,0,"[-0.003814697265625, -6.75]"
test_00234,3,2,"[-9.125, -6.375, -0.0019683837890625]"
test_01152,3,1,"[-6.125, -0.00262451171875, -8.375]"
test_01174,3,1,"[-8.0, -0.0007781982421875, -8.5]"
test_01502,3,2,"[-11.25, -9.625, -0.0002040863037109375]"
test_00766,3,2,"[-6.875, -5.0, -0.00799560546875]"
test_02418,3,0,"[-0.0022735595703125, -9.375, -10.125]"
test_00719,3,2,"[-10.75, -6.25, -0.002288818359375]"
test_00610,2,1,"[-2.703125, -0.0703125]"
test_03913,2,0,"[-0.0031280517578125, -6.0]"
test_00335,2,0,"[-0.010498046875, -4.625]"
test_00812,2,0,"[-0.011962890625, -4.5]"
test_01882,2,1,"[-5.0, -0.007080078125]"
test_01001,3,1,"[-9.875, -0.000308990478515625, -11.125]"
test_01053,3,2,"[-9.875, -9.25, -0.000396728515625]"
test_01863,3,0,"[-0.0008087158203125, -11.25, -11.5]"
test_02274,3,1,"[-7.75, -0.000804901123046875, -8.75]"
test_03775,3,2,"[-10.625, -9.0, -0.000400543212890625]"
test_02142,4,3,"[-2.0, -1.75, -1.125, -1.0]"
test_00202,2,0,"[-0.09716796875, -2.484375]"
test_00341,2,0,"[-0.0771484375, -2.6875]"
test_00671,2,0,"[-0.07666015625, -2.828125]"
test_00700,2,1,"[-2.34375, -0.10107421875]"
test_00727,2,0,"[-0.054443359375, -3.046875]"
test_01077,2,1,"[-2.8125, -0.06298828125]"
test_01541,2,0,"[-0.0693359375, -2.8125]"
test_02493,2,1,"[-2.46875, -0.09033203125]"
test_03186,2,1,"[-2.578125, -0.080078125]"
test_03720,2,1,"[-2.34375, -0.1015625]"
test_03823,2,0,"[-0.057861328125, -3.0625]"
test_03219,3,2,"[-1.65625, -2.90625, -0.283203125]"
test_00092,2,1,"[-6.0, -0.0028076171875]"
test_00260,2,0,"[-0.00250244140625, -6.25]"
test_01290,2,1,"[-6.0, -0.0027618408203125]"
test_01407,2,1,"[-6.0, -0.0027313232421875]"
test_01970,2,0,"[-0.0037384033203125, -5.75]"
test_02029,2,1,"[-6.125, -0.0024566650390625]"
test_00361,3,1,"[-9.125, -0.0005340576171875, -8.625]"
test_00424,3,0,"[-0.00408935546875, -6.0, -6.875]"
test_01045,3,2,"[-7.25, -6.25, -0.0028533935546875]"
test_01746,3,1,"[-6.25, -0.00262451171875, -7.75]"
test_01911,3,2,"[-6.125, -4.5, -0.013427734375]"
test_02957,3,2,"[-6.125, -4.625, -0.0120849609375]"
test_03280,3,2,"[-7.625, -6.625, -0.0020904541015625]"
test_00953,4,2,"[-2.9375, -1.8046875, -0.55859375, -1.5546875]"
test_01341,4,2,"[-6.75, -3.234375, -0.111328125, -2.734375]"
test_03003,4,2,"[-7.75, -4.375, -0.01361083984375, -7.5]"
test_01440,3,2,"[-1.484375, -2.609375, -0.357421875]"
test_00594,4,3,"[-3.328125, -2.578125, -2.703125, -0.1982421875]"
test_04057,4,1,"[-4.40625, -0.0189208984375, -5.40625, -6.40625]"
test_00918,2,1,"[-7.625, -0.00125885009765625]"
test_02429,2,1,"[-7.5, -0.00115966796875]"
test_02623,2,0,"[-0.06494140625, -2.953125]"
test_02709,2,0,"[-0.026123046875, -3.890625]"
test_02821,2,1,"[-8.0, -0.000881195068359375]"
test_01453,4,0,"[-0.000247955322265625, -12.875, -13.0, -16.0]"
test_00455,4,1,"[-10.375, -0.0004444122314453125, -8.75, -9.5]"
test_02651,4,1,"[-11.125, -0.0002651214599609375, -9.875, -10.75]"
test_00933,4,0,"[-0.00049591064453125, -9.25, -10.0, -11.375]"
test_03805,4,2,"[-11.625, -9.25, -0.0004634857177734375, -10.125]"
test_01090,4,2,"[-12.125, -11.375, -0.000240325927734375, -9.5]"
test_00192,4,1,"[-5.5, -0.01507568359375, -5.5, -5.0]"
test_01705,4,0,"[-0.00052642822265625, -8.875, -9.125, -10.125]"
test_01625,4,1,"[-11.375, -0.000274658203125, -9.625, -10.125]"
test_02999,4,1,"[-8.75, -0.000568389892578125, -8.375, -9.875]"
test_04153,4,2,"[-11.625, -11.125, -0.000476837158203125, -8.125]"
test_02343,4,3,"[-11.0, -11.25, -8.25, -0.000499725341796875]"
test_01274,4,0,"[-0.0006561279296875, -8.625, -8.875, -10.5]"
test_02831,4,3,"[-10.5, -10.25, -9.125, -0.0003643035888671875]"
test_03394,4,3,"[-9.875, -10.125, -10.25, -0.0002593994140625]"
test_00023,4,3,"[-9.0, -9.375, -8.75, -0.00075531005859375]"
test_03984,4,3,"[-9.75, -9.5, -7.5, -0.000827789306640625]"
test_00809,4,0,"[-0.0004119873046875, -10.5, -10.875, -13.125]"
test_01990,4,2,"[-10.875, -10.5, -0.00018978118896484375, -11.75]"
test_02656,4,0,"[-0.000370025634765625, -10.875, -10.875, -13.25]"
test_00725,4,2,"[-12.625, -10.875, -0.0002231597900390625, -9.875]"
test_02802,4,0,"[-0.000370025634765625, -9.625, -9.75, -11.875]"
test_03262,4,0,"[-0.00030517578125, -11.0, -10.875, -12.875]"
test_00528,4,3,"[-9.875, -9.375, -8.875, -0.0004329681396484375]"
test_02667,4,2,"[-10.875, -9.875, -0.00115966796875, -7.0]"
test_00034,2,1,"[-6.5, -0.0017852783203125]"
test_00073,2,0,"[-0.019287109375, -4.25]"
test_02816,2,1,"[-6.625, -0.0016326904296875]"
test_00365,4,1,"[-1.96875, -1.09375, -1.34375, -1.34375]"
test_01394,4,0,"[-0.0164794921875, -5.28125, -6.15625, -4.78125]"
test_00428,2,0,"[-0.008056640625, -6.625]"
test_00738,2,0,"[-0.007110595703125, -6.5]"
test_01107,2,0,"[-0.01214599609375, -6.25]"
test_01158,2,1,"[-7.625, -0.0006561279296875]"
test_01242,2,0,"[-0.0098876953125, -6.0]"
test_01643,2,0,"[-0.00933837890625, -6.625]"
test_02008,2,1,"[-7.0, -0.0010986328125]"
test_02103,2,1,"[-7.625, -0.00067138671875]"
test_02693,2,0,"[-0.00933837890625, -6.625]"
test_03659,2,0,"[-0.0091552734375, -6.375]"
test_03769,2,0,"[-0.007720947265625, -6.5]"
test_00525,3,1,"[-6.25, -0.004302978515625, -6.125]"
test_01236,3,0,"[-0.007781982421875, -5.25, -6.125]"
test_01622,3,0,"[-0.0047607421875, -5.875, -6.5]"
test_02916,3,1,"[-5.125, -0.0067138671875, -7.5]"
test_03816,3,0,"[-0.0038909912109375, -6.125, -6.75]"
test_03869,3,2,"[-7.125, -5.125, -0.006988525390625]"
test_03919,3,0,"[-0.002197265625, -6.75, -7.5]"
test_03988,3,1,"[-4.625, -0.0107421875, -7.125]"
test_01450,3,1,"[-1.8515625, -0.2255859375, -3.09375]"
test_00492,2,1,"[-6.125, -0.0026092529296875]"
test_00540,2,0,"[-0.205078125, -1.703125]"
test_00834,2,1,"[-7.0, -0.0012969970703125]"
test_01464,2,0,"[-0.3515625, -1.2265625]"
test_01505,2,0,"[-0.265625, -1.515625]"
test_02275,2,1,"[-6.75, -0.0015869140625]"
test_02284,2,1,"[-6.875, -0.00148773193359375]"
test_02894,3,2,"[-4.09375, -2.71875, -0.0869140625]"
test_00475,3,1,"[-11.125, -0.00060272216796875, -8.0]"
test_01064,3,2,"[-9.0, -8.625, -0.00055694580078125]"
test_03960,3,1,"[-10.5, -0.0004787445068359375, -8.375]"
test_03881,3,0,"[-0.64453125, -1.265625, -1.640625]"
test_00397,3,2,"[-0.8046875, -3.0625, -0.6796875]"
test_03722,3,2,"[-1.734375, -3.359375, -0.236328125]"
test_02030,3,1,"[-4.84375, -0.357421875, -1.234375]"
test_00950,3,1,"[-1.859375, -0.86328125, -0.86328125]"
test_02364,3,2,"[-1.625, -1.625, -0.5]"
test_01413,3,2,"[-2.03125, -1.28125, -0.52734375]"
test_03651,3,2,"[-4.8125, -1.0625, -0.4375]"
test_03898,3,1,"[-4.375, -0.23828125, -1.6171875]"
test_02054,3,0,"[-0.396484375, -1.3984375, -2.515625]"
test_03564,3,1,"[-5.28125, -0.1474609375, -2.015625]"
test_00013,3,2,"[-4.40625, -2.03125, -0.1552734375]"
test_02358,3,2,"[-2.046875, -3.421875, -0.17578125]"
test_00542,2,1,"[-6.25, -0.002197265625]"
test_02751,2,1,"[-6.75, -0.001434326171875]"
test_02966,2,0,"[-0.00506591796875, -5.625]"
test_04181,2,1,"[-6.75, -0.00144195556640625]"
test_02624,3,2,"[-1.3203125, -1.4453125, -0.6953125]"
test_00611,3,2,"[-0.84765625, -2.46875, -0.72265625]"
test_03121,3,2,"[-2.578125, -1.578125, -0.330078125]"
test_04207,2,0,"[-0.6328125, -0.7578125]"
test_03589,3,1,"[-3.0, -0.74609375, -0.74609375]"
test_02092,3,0,"[-0.66796875, -2.421875, -0.91796875]"
test_03559,4,2,"[-7.5, -7.125, -0.00616455078125, -5.375]"
test_01349,4,2,"[-9.0, -7.75, -0.001556396484375, -7.125]"
test_00151,3,0,"[-0.049072265625, -5.1875, -3.171875]"
test_02722,3,1,"[-0.828125, -0.578125, -6.6875]"
test_01180,3,2,"[-1.4453125, -3.203125, -0.322265625]"
test_01062,3,0,"[-0.51171875, -3.265625, -1.015625]"
test_00910,3,2,"[-3.21875, -1.09375, -0.46875]"
test_04098,3,2,"[-1.0859375, -3.34375, -0.46484375]"
test_01501,3,1,"[-8.1875, -0.0791015625, -2.578125]"
test_03493,3,0,"[-0.6328125, -0.7578125, -6.25]"
test_02589,3,2,"[-5.25, -5.375, -0.010009765625]"
test_03162,3,2,"[-3.53125, -0.7890625, -0.6640625]"
test_01590,3,1,"[-1.171875, -0.419921875, -3.421875]"
test_00430,2,1,"[-0.828125, -0.578125]"
test_02315,2,1,"[-0.7578125, -0.6328125]"
test_02992,3,1,"[-1.0703125, -0.44140625, -4.3125]"
test_02906,3,2,"[-2.703125, -2.203125, -0.197265625]"
test_00295,3,0,"[-0.28515625, -1.78125, -2.53125]"
test_00779,3,1,"[-2.8125, -0.06298828125, -7.0625]"
test_00705,3,0,"[-0.41015625, -1.15625, -3.78125]"
test_00362,3,0,"[-0.77734375, -2.53125, -0.77734375]"
test_00344,3,1,"[-1.6015625, -0.23046875, -5.34375]"
test_02221,3,1,"[-0.9765625, -0.474609375, -6.96875]"
test_03237,3,1,"[-0.83984375, -0.58984375, -4.34375]"
test_02630,3,0,"[-0.451171875, -1.328125, -2.328125]"
test_01150,3,0,"[-0.2314453125, -1.609375, -5.09375]"
test_03444,3,2,"[-0.953125, -2.953125, -0.578125]"
test_02129,3,2,"[-1.1015625, -1.2265625, -0.98046875]"
test_00704,3,0,"[-0.1865234375, -1.8125, -4.9375]"
test_03797,3,1,"[-5.53125, -0.02734375, -3.78125]"
test_02496,3,1,"[-4.5625, -0.1904296875, -1.8125]"
test_03306,3,1,"[-1.140625, -0.38671875, -9.0]"
test_03538,3,1,"[-1.5078125, -0.25390625, -6.0]"
test_01743,3,2,"[-5.28125, -3.90625, -0.0260009765625]"
test_00369,3,0,"[-0.0859375, -2.59375, -4.96875]"
test_03034,3,1,"[-0.9140625, -0.5390625, -4.03125]"
test_02793,3,2,"[-1.28125, -2.03125, -0.52734375]"
test_01813,3,1,"[-0.8359375, -0.5859375, -4.59375]"
test_01624,3,2,"[-13.5, -11.125, -0.0002079010009765625]"
test_02535,3,1,"[-7.46875, -0.2255859375, -1.6015625]"
test_00378,2,0,"[-0.38671875, -1.140625]"
test_01763,2,0,"[-0.349609375, -1.2265625]"
test_04114,2,0,"[-0.38671875, -1.140625]"
test_00544,3,1,"[-1.3203125, -0.318359375, -5.1875]"
test_00980,3,0,"[-0.005462646484375, -5.625, -6.625]"
test_03239,3,1,"[-3.84375, -0.091796875, -2.71875]"
test_01318,3,0,"[-0.359375, -1.359375, -3.109375]"
test_02479,3,1,"[-0.765625, -0.640625, -4.65625]"
test_02101,3,1,"[-2.9375, -0.306640625, -1.5546875]"
test_01868,3,1,"[-2.671875, -0.546875, -1.046875]"
test_03706,3,1,"[-2.953125, -0.333984375, -1.4609375]"
test_01007,3,1,"[-3.5, -0.11962890625, -2.5]"
test_02822,3,2,"[-2.03125, -1.0390625, -0.6640625]"
test_01492,3,1,"[-2.90625, -0.28125, -1.65625]"
test_01984,3,1,"[-1.5625, -0.8125, -1.0625]"
test_02039,3,2,"[-5.21875, -1.609375, -0.23046875]"
test_04223,3,1,"[-0.76171875, -0.63671875, -6.0]"
test_00581,3,2,"[-1.7265625, -1.6015625, -0.4765625]"
test_02445,3,0,"[-0.7734375, -2.03125, -0.8984375]"
test_02119,3,0,"[-0.408203125, -2.40625, -1.40625]"
test_00333,3,0,"[-0.45703125, -3.578125, -1.0859375]"
test_03022,3,2,"[-0.98046875, -1.609375, -0.85546875]"
test_02125,3,0,"[-0.333984375, -2.078125, -1.8359375]"
test_03023,3,0,"[-0.1015625, -3.09375, -2.96875]"
test_00999,3,0,"[-0.0703125, -3.328125, -3.453125]"
test_04189,3,2,"[-1.78125, -1.78125, -0.41015625]"
test_03596,3,2,"[-3.203125, -3.453125, -0.0751953125]"
test_03782,3,2,"[-3.078125, -3.453125, -0.08056640625]"
test_04069,3,1,"[-2.65625, -0.1611328125, -2.53125]"
test_02509,3,0,"[-0.2890625, -1.5390625, -3.296875]"
test_04157,3,2,"[-1.6796875, -1.1796875, -0.6796875]"
test_01764,3,1,"[-7.875, -0.00104522705078125, -7.5]"
test_01972,3,0,"[-0.0023956298828125, -7.25, -6.5]"
test_00574,3,2,"[-1.265625, -1.640625, -0.64453125]"
test_01658,2,0,"[-0.0625, -2.8125]"
test_02298,2,0,"[-0.10107421875, -2.34375]"
test_02621,2,0,"[-0.08984375, -2.46875]"
test_03908,2,0,"[-0.055419921875, -2.9375]"
test_04095,3,2,"[-7.75, -6.0, -0.003082275390625]"
test_02678,2,0,"[-0.0032196044921875, -7.25]"
test_02097,3,0,"[-0.004302978515625, -6.0, -6.375]"
test_01670,3,2,"[-2.4375, -2.4375, -0.19140625]"
test_00110,3,2,"[-8.375, -8.25, -0.000606536865234375]"
test_03182,3,1,"[-1.9140625, -0.287109375, -2.28125]"
test_00768,3,0,"[-0.0267333984375, -4.03125, -4.78125]"
test_00983,2,1,"[-0.7578125, -0.6328125]"
test_00042,2,1,"[-5.75, -0.0033416748046875]"
test_03751,2,0,"[-0.00164031982421875, -7.375]"
test_03086,2,0,"[-0.0019683837890625, -6.875]"
test_02449,3,0,"[-0.83203125, -1.328125, -1.203125]"
test_02679,2,1,"[-0.90234375, -0.52734375]"
test_01108,2,0,"[-0.0020904541015625, -6.375]"
test_03483,2,1,"[-7.375, -0.000797271728515625]"
test_03880,2,0,"[-0.00116729736328125, -7.125]"
test_03974,3,1,"[-5.25, -0.0069580078125, -6.5]"
test_04196,2,1,"[-1.2265625, -0.34765625]"
test_01888,3,2,"[-3.53125, -5.65625, -0.033447265625]"
test_04072,3,2,"[-2.53125, -1.78125, -0.28515625]"
test_02289,3,0,"[-0.70703125, -0.70703125, -4.34375]"
test_00364,3,2,"[-6.5, -9.125, -0.001708984375]"
test_02853,3,1,"[-2.9375, -0.181640625, -2.1875]"
test_02360,3,1,"[-2.6875, -0.06982421875, -8.9375]"
test_00614,3,1,"[-1.8359375, -0.333984375, -2.078125]"
test_02178,3,2,"[-0.87109375, -3.125, -0.62109375]"
test_00729,3,0,"[-0.16796875, -2.296875, -2.921875]"
test_01376,3,0,"[-0.55078125, -2.171875, -1.171875]"
test_01475,3,0,"[-0.498046875, -2.25, -1.25]"
test_04025,3,0,"[-0.287109375, -2.28125, -1.9140625]"
test_00094,3,2,"[-1.4609375, -2.953125, -0.333984375]"
test_03955,3,2,"[-1.9453125, -3.4375, -0.1923828125]"
test_00427,3,0,"[-0.7421875, -1.8671875, -0.9921875]"
test_00565,3,0,"[-0.74609375, -2.25, -0.87109375]"
test_00017,3,1,"[-0.97265625, -0.474609375, -7.96875]"
test_01335,3,2,"[-0.94140625, -3.1875, -0.56640625]"
test_02960,3,2,"[-3.078125, -3.578125, -0.0771484375]"
test_03826,3,2,"[-1.1796875, -3.171875, -0.4296875]"
test_03686,3,2,"[-1.6015625, -2.359375, -0.3515625]"
test_03404,3,2,"[-0.84765625, -2.46875, -0.72265625]"
test_03030,3,1,"[-2.625, -0.50390625, -1.125]"
test_01098,3,2,"[-1.9375, -2.0625, -0.314453125]"
test_02631,3,0,"[-0.1298828125, -3.0, -2.625]"
test_00885,3,1,"[-2.75, -0.12109375, -3.0]"
test_03349,3,1,"[-1.921875, -0.30078125, -2.171875]"
test_02609,3,0,"[-0.0024871826171875, -6.375, -7.875]"
test_02281,2,1,"[-9.25, -0.000667572021484375]"
test_00016,3,0,"[-0.0012664794921875, -7.5, -8.5]"
test_03731,3,0,"[-0.004119873046875, -6.5, -6.0]"
test_00426,3,2,"[-2.828125, -3.828125, -0.083984375]"
test_02705,3,2,"[-1.8203125, -2.1875, -0.3203125]"
test_03261,2,0,"[-0.00075531005859375, -7.5]"
test_03925,3,2,"[-7.5, -10.125, -0.000713348388671875]"
test_03996,3,0,"[-0.63671875, -1.3828125, -1.5078125]"
test_03201,4,1,"[-14.125, -0.00034332275390625, -10.625, -10.875]"
test_03294,3,0,"[-0.388671875, -1.890625, -1.765625]"
test_00748,3,1,"[-3.53125, -0.038330078125, -4.78125]"
test_02231,3,0,"[-0.00096893310546875, -7.75, -7.75]"
test_03665,3,0,"[-0.0004482269287109375, -8.75, -8.75]"
test_04071,3,2,"[-11.375, -13.125, -9.393692016601562e-05]"
test_01851,3,2,"[-9.0, -11.5, -0.0002288818359375]"
test_02225,3,1,"[-3.65625, -0.028564453125, -6.15625]"
test_01848,3,0,"[-0.000942230224609375, -7.875, -7.75]"
test_00545,3,2,"[-8.875, -11.0, -0.00025177001953125]"
test_00568,2,0,"[-0.0625, -2.8125]"
test_03573,3,1,"[-2.484375, -0.11279296875, -3.734375]"
test_03509,3,2,"[-2.359375, -4.625, -0.1103515625]"
test_03899,3,0,"[-0.00653076171875, -5.875, -5.625]"
test_02876,3,1,"[-2.828125, -0.0771484375, -4.1875]"
test_03535,3,0,"[-0.01202392578125, -5.0, -5.25]"
test_00892,3,0,"[-0.0035400390625, -6.375, -6.375]"
test_00745,4,2,"[-9.0, -6.75, -0.009033203125, -4.875]"
test_01745,3,1,"[-4.28125, -0.018798828125, -5.40625]"
test_03228,3,2,"[-8.25, -10.625, -0.0003757476806640625]"
test_00286,3,0,"[-0.51171875, -2.140625, -1.265625]"
test_03635,2,0,"[-0.251953125, -1.5]"
test_01589,2,1,"[-8.875, -0.000560760498046875]"
test_02208,3,2,"[-0.9609375, -1.7109375, -0.8359375]"
test_03512,3,2,"[-1.484375, -1.484375, -0.609375]"
test_04209,2,1,"[-2.34375, -0.10107421875]"
test_01805,2,0,"[-0.6328125, -0.76171875]"
test_02967,2,0,"[-0.6328125, -0.7578125]"
test_01930,2,1,"[-0.82421875, -0.57421875]"
test_00456,3,2,"[-10.375, -9.75, -0.00023651123046875]"
test_03887,2,1,"[-0.9765625, -0.474609375]"
test_00289,3,1,"[-8.75, -0.0009918212890625, -7.375]"
test_01430,3,0,"[-0.00032806396484375, -10.0, -12.875]"
test_02351,4,3,"[-11.75, -9.375, -9.25, -0.0004119873046875]"
test_02131,4,3,"[-12.625, -10.375, -10.5, -0.00023365020751953125]"
test_02949,4,1,"[-8.25, -0.00164794921875, -7.375, -8.25]"
test_02087,4,0,"[-0.0004482269287109375, -11.625, -11.5, -12.75]"
test_00577,4,0,"[-0.000476837158203125, -11.5, -11.25, -13.5]"
test_01646,4,1,"[-8.75, -0.00103759765625, -7.875, -8.875]"
test_01151,4,1,"[-10.5, -0.000804901123046875, -8.5, -10.0]"
test_00966,4,3,"[-11.375, -9.25, -8.75, -0.0004749298095703125]"
test_02910,4,1,"[-10.25, -0.000728607177734375, -8.75, -9.0]"
test_01638,4,2,"[-12.625, -10.125, -0.0006256103515625, -8.0]"
test_00857,4,3,"[-12.125, -9.625, -9.875, -0.0003223419189453125]"
test_03211,4,3,"[-10.75, -8.125, -7.125, -0.00138092041015625]"
test_02526,4,3,"[-12.25, -10.125, -9.25, -0.0003910064697265625]"
test_00772,4,2,"[-11.625, -8.875, -0.0006256103515625, -9.125]"
test_01088,4,3,"[-12.125, -9.25, -8.0, -0.00070953369140625]"
test_00580,4,2,"[-9.625, -7.75, -0.00079345703125, -11.5]"
test_01257,4,2,"[-11.875, -10.0, -0.0010223388671875, -7.25]"
test_03616,4,3,"[-10.5, -9.0, -8.375, -0.000728607177734375]"
test_02192,4,1,"[-11.75, -0.000484466552734375, -10.125, -11.0]"
test_03144,4,1,"[-10.875, -0.0008087158203125, -8.25, -8.75]"
test_00694,4,2,"[-13.0, -10.75, -0.0004024505615234375, -9.125]"
test_01614,4,1,"[-11.25, -0.00112152099609375, -8.625, -7.75]"
test_01826,4,3,"[-12.75, -10.0, -8.875, -0.0004062652587890625]"
test_02663,4,1,"[-9.25, -0.0012359619140625, -7.875, -8.375]"
test_03019,4,0,"[-0.0005035400390625, -11.875, -11.25, -13.875]"
test_01283,4,3,"[-11.5, -9.25, -8.875, -0.00054168701171875]"
test_02213,4,1,"[-10.375, -0.00067138671875, -8.875, -9.125]"
test_01737,4,3,"[-10.875, -9.25, -9.5, -0.00041961669921875]"
test_03053,4,0,"[-0.00075531005859375, -10.625, -11.0, -12.375]"
test_02183,4,2,"[-12.625, -10.5, -0.00057220458984375, -8.0]"
test_02565,4,3,"[-11.25, -9.25, -8.375, -0.00054168701171875]"
test_00371,4,2,"[-9.75, -8.625, -0.000701904296875, -11.125]"
test_01871,4,0,"[-0.000621795654296875, -11.0, -11.0, -13.25]"
test_03437,4,1,"[-10.375, -0.000701904296875, -8.5, -9.25]"
test_00250,4,0,"[-0.000396728515625, -11.625, -11.625, -13.125]"
test_00680,4,0,"[-0.000499725341796875, -10.75, -11.25, -13.875]"
test_01536,4,2,"[-9.875, -8.5, -0.000888824462890625, -8.0]"
test_02718,4,3,"[-13.125, -10.25, -10.0, -0.000286102294921875]"
test_03759,4,3,"[-12.25, -10.125, -10.25, -0.0002841949462890625]"
test_01399,4,3,"[-11.25, -9.125, -8.375, -0.000522613525390625]"
test_02590,4,3,"[-11.25, -9.5, -8.0, -0.000644683837890625]"
test_00354,4,3,"[-11.375, -9.0, -7.5, -0.000919342041015625]"
test_03583,4,3,"[-11.625, -9.5, -9.0, -0.0004405975341796875]"
test_00828,4,3,"[-12.0, -9.625, -9.5, -0.0004558563232421875]"
test_02149,4,0,"[-0.000576019287109375, -10.5, -10.625, -12.5]"
test_02154,4,0,"[-0.000518798828125, -10.375, -10.25, -11.875]"
test_01696,3,0,"[-0.004364013671875, -6.0, -6.75]"
test_01472,4,1,"[-1.4765625, -0.357421875, -3.25, -3.484375]"
test_02180,3,0,"[-0.00145721435546875, -6.875, -10.0]"
test_03227,3,1,"[-11.875, -0.000232696533203125, -10.875]"
test_03238,3,2,"[-9.625, -6.75, -0.00151824951171875]"
test_01261,3,2,"[-4.40625, -4.90625, -0.020263671875]"
test_00621,3,2,"[-8.25, -3.53125, -0.030517578125]"
test_01831,3,1,"[-10.5, -0.38671875, -1.140625]"
test_00878,2,1,"[-1.0546875, -0.4296875]"
test_01225,2,0,"[-0.4765625, -0.9765625]"
test_02201,3,2,"[-1.9140625, -0.91796875, -0.79296875]"
test_00717,3,2,"[-13.375, -5.125, -0.006256103515625]"
test_01247,3,0,"[-0.0003337860107421875, -9.5, -14.125]"
test_00833,3,0,"[-0.0002918243408203125, -10.25, -13.5]"
test_01458,3,0,"[-0.00162506103515625, -8.875, -10.5]"
test_01268,4,2,"[-3.640625, -4.75, -0.1357421875, -2.390625]"
test_02483,3,0,"[-0.0269775390625, -3.65625, -7.90625]"
test_01217,3,2,"[-10.25, -7.375, -0.00118255615234375]"
test_03103,2,0,"[-0.03515625, -3.40625]"
test_02909,3,1,"[-3.78125, -0.65625, -0.78125]"
test_02659,3,2,"[-11.375, -8.625, -0.000701904296875]"
test_00782,2,0,"[-0.53515625, -0.91015625]"
test_02920,3,1,"[-10.5, -0.0004673004150390625, -9.0]"
test_02604,3,1,"[-9.25, -0.00164031982421875, -6.625]"
test_03884,3,0,"[-0.0341796875, -4.90625, -3.65625]"
test_00689,3,0,"[-0.00080108642578125, -7.625, -10.375]"
test_01121,3,1,"[-17.125, -0.00022983551025390625, -14.375]"
test_00625,3,0,"[-0.00087738037109375, -7.375, -10.25]"
test_02399,3,0,"[-0.00138092041015625, -6.875, -9.625]"
test_00968,3,1,"[-5.0625, -0.049560546875, -3.171875]"
test_03648,3,0,"[-0.000316619873046875, -11.75, -14.375]"
test_04043,3,2,"[-2.84375, -3.46875, -0.09375]"
test_01504,3,1,"[-13.0, -0.0001678466796875, -12.25]"
test_02835,3,2,"[-4.9375, -1.8125, -0.1884765625]"
test_03432,3,2,"[-12.0, -9.375, -0.000362396240234375]"
test_02956,3,2,"[-15.875, -8.25, -0.000858306884765625]"
test_03506,3,2,"[-16.5, -12.25, -0.0003795623779296875]"
test_02557,3,1,"[-5.75, -0.003509521484375, -8.875]"
test_01553,3,1,"[-3.984375, -0.10791015625, -2.484375]"
test_03324,3,0,"[-0.032958984375, -4.40625, -3.90625]"
test_02065,3,2,"[-6.1875, -2.8125, -0.064453125]"
test_02759,3,0,"[-0.09521484375, -2.71875, -3.71875]"
test_03781,2,1,"[-2.125, -0.126953125]"
test_01539,3,0,"[-0.0004863739013671875, -8.625, -11.75]"
test_01414,3,1,"[-8.75, -0.0011138916015625, -7.25]"
test_03387,3,0,"[-0.0004787445068359375, -10.75, -14.125]"
test_01644,3,0,"[-0.0003185272216796875, -10.0, -13.125]"
test_01350,3,2,"[-8.0, -4.5, -0.0120849609375]"
test_01493,3,2,"[-6.15625, -3.296875, -0.040771484375]"
test_03291,3,2,"[-16.625, -10.5, -0.0003604888916015625]"
test_03639,4,2,"[-4.4375, -5.8125, -0.328125, -1.328125]"
test_03520,3,0,"[-0.58203125, -1.953125, -1.203125]"
test_00635,2,0,"[-0.00183868408203125, -6.625]"
test_00786,2,0,"[-0.004852294921875, -5.75]"
test_00560,3,1,"[-6.875, -0.0021209716796875, -7.125]"
test_02539,3,1,"[-13.75, -0.000286102294921875, -11.125]"
test_01391,3,1,"[-2.171875, -0.169921875, -3.171875]"
test_01880,3,0,"[-0.0003452301025390625, -10.625, -13.875]"
test_01772,2,1,"[-9.5, -0.000240325927734375]"
test_01909,3,2,"[-14.625, -10.375, -0.00035858154296875]"
test_02681,2,0,"[-0.388671875, -1.140625]"
test_00514,2,0,"[-0.38671875, -1.140625]"
test_01955,2,0,"[-0.6328125, -0.7578125]"
test_02090,2,1,"[-0.7578125, -0.6328125]"
test_00078,3,1,"[-12.5, -0.000293731689453125, -10.375]"
test_01791,3,2,"[-3.25, -2.625, -0.119140625]"
test_00069,3,2,"[-11.5, -6.625, -0.0016632080078125]"
test_00400,3,0,"[-0.001373291015625, -6.875, -9.5]"
test_02161,2,0,"[-0.69140625, -0.69140625]"
test_02638,3,0,"[-0.19140625, -2.4375, -2.4375]"
test_04221,3,0,"[-0.068359375, -5.0625, -2.8125]"
test_04128,2,1,"[-9.75, -0.000621795654296875]"
test_01210,3,0,"[-0.0003376007080078125, -12.625, -15.625]"
test_00402,3,0,"[-0.00023651123046875, -10.0, -14.375]"
test_00508,2,1,"[-1.703125, -0.2021484375]"
test_01471,3,0,"[-0.0537109375, -4.1875, -3.296875]"
test_01435,4,0,"[-0.000476837158203125, -9.625, -9.875, -11.125]"
test_00116,2,0,"[-0.002044677734375, -6.5]"
test_03938,3,1,"[-2.84375, -0.0869140625, -3.71875]"
test_00064,3,2,"[-3.78125, -0.78125, -0.65625]"
test_01608,3,1,"[-5.875, -0.00897216796875, -5.125]"
test_01176,3,1,"[-12.25, -0.0002651214599609375, -10.75]"
test_02803,4,3,"[-1.8515625, -2.09375, -1.2265625, -0.8515625]"
test_02875,2,0,"[-0.0072021484375, -5.25]"
test_00837,3,2,"[-15.25, -9.625, -0.00060272216796875]"
test_04150,3,2,"[-1.6484375, -3.03125, -0.275390625]"
test_00627,3,2,"[-12.0, -9.375, -0.000301361083984375]"
test_03325,3,1,"[-2.25, -0.1240234375, -4.5]"
test_00513,3,1,"[-2.9375, -0.181640625, -2.1875]"
test_01952,2,0,"[-0.013427734375, -4.375]"
test_02141,3,2,"[-1.578125, -1.453125, -0.578125]"
test_02716,3,1,"[-14.75, -0.000286102294921875, -10.875]"
test_01654,3,0,"[-0.0003204345703125, -9.0, -13.0]"
test_03701,2,0,"[-0.6953125, -0.6953125]"
test_01926,3,0,"[-0.0010223388671875, -7.25, -10.375]"
test_02873,3,0,"[-0.000354766845703125, -8.875, -12.375]"
test_02160,3,1,"[-1.890625, -0.51171875, -1.390625]"
test_01565,2,0,"[-0.0703125, -2.6875]"
test_03860,2,1,"[-6.5, -0.0018463134765625]"
test_03661,3,2,"[-15.75, -10.125, -0.000331878662109375]"
test_02026,3,2,"[-6.125, -5.375, -0.007110595703125]"
test_00778,2,1,"[-11.25, -0.00019550323486328125]"
test_00715,3,0,"[-0.0003032684326171875, -11.25, -14.25]"
test_01388,2,1,"[-0.828125, -0.58203125]"
test_02263,3,1,"[-12.0625, -0.062255859375, -2.8125]"
test_01811,2,0,"[-0.01458740234375, -4.25]"
test_01666,3,1,"[-3.703125, -0.07373046875, -3.078125]"
test_03733,2,1,"[-2.8125, -0.0625]"
test_02317,3,2,"[-9.5, -5.25, -0.0054931640625]"
test_03600,2,1,"[-7.0, -0.00116729736328125]"
test_02309,2,1,"[-8.125, -0.000568389892578125]"
test_01678,3,0,"[-0.263671875, -1.890625, -2.515625]"
test_00921,3,2,"[-5.28125, -4.03125, -0.023681640625]"
test_00906,2,1,"[-2.125, -0.126953125]"
test_02570,2,1,"[-3.765625, -0.0234375]"
test_00088,3,1,"[-2.8125, -0.0654296875, -5.6875]"
test_00590,3,0,"[-0.00043487548828125, -8.625, -11.75]"
test_02519,3,0,"[-0.0030975341796875, -5.875, -9.375]"
test_02105,3,0,"[-0.38671875, -2.640625, -1.390625]"
test_02553,3,2,"[-3.953125, -2.953125, -0.07421875]"
test_01294,3,0,"[-0.02197265625, -4.90625, -4.28125]"
test_03588,2,1,"[-0.8984375, -0.5234375]"
test_02715,2,1,"[-1.2265625, -0.34765625]"
test_02811,3,1,"[-4.75, -0.0103759765625, -6.5]"
test_00588,2,0,"[-0.026611328125, -3.65625]"
test_03735,2,1,"[-0.828125, -0.58203125]"
test_02056,2,1,"[-0.8984375, -0.5234375]"
test_03041,3,2,"[-1.1484375, -1.5234375, -0.76953125]"
test_01348,3,2,"[-1.3203125, -4.6875, -0.322265625]"
test_00253,3,2,"[-6.1875, -1.3125, -0.314453125]"
test_01799,3,1,"[-1.6015625, -0.2265625, -6.71875]"
test_01595,3,1,"[-2.8125, -0.06298828125, -7.4375]"
test_01264,2,1,"[-9.0, -0.000377655029296875]"
test_03132,3,2,"[-6.4375, -3.046875, -0.05029296875]"
test_00236,3,1,"[-2.578125, -0.080078125, -7.21875]"
test_01431,3,2,"[-6.15625, -1.9140625, -0.162109375]"
test_01820,3,1,"[-2.578125, -0.07958984375, -7.96875]"
test_03044,3,1,"[-3.890625, -0.0213623046875, -8.875]"
test_01859,3,0,"[-0.181640625, -1.8046875, -7.0625]"
test_02575,3,1,"[-5.75, -0.63671875, -0.76171875]"
test_02321,3,0,"[-0.01953125, -4.65625, -4.65625]"
test_04109,3,0,"[-0.70703125, -4.34375, -0.70703125]"
test_03910,2,1,"[-11.125, -0.00015735626220703125]"
test_02438,3,0,"[-0.12109375, -2.25, -4.875]"
test_03853,3,0,"[-0.185546875, -1.8125, -5.1875]"
test_00155,2,1,"[-3.40625, -0.0341796875]"
test_01596,2,0,"[-0.474609375, -0.9765625]"
test_01960,2,1,"[-2.015625, -0.142578125]"
test_04055,3,1,"[-2.9375, -0.05517578125, -8.8125]"
test_02768,3,1,"[-7.28125, -0.0213623046875, -3.890625]"
test_03550,3,0,"[-0.232421875, -1.609375, -4.96875]"
test_01487,3,1,"[-7.1875, -0.0625, -2.8125]"
test_02037,2,0,"[-0.0267333984375, -3.65625]"
test_01727,3,0,"[-0.1142578125, -2.984375, -2.859375]"
test_01244,2,0,"[-0.002960205078125, -6.125]"
test_02255,3,2,"[-6.1875, -2.9375, -0.057373046875]"
test_01810,3,0,"[-0.4765625, -0.9765625, -5.96875]"
test_00180,3,1,"[-5.46875, -0.353515625, -1.2265625]"
test_01171,3,1,"[-0.828125, -0.578125, -7.3125]"
test_01393,3,1,"[-3.40625, -0.0341796875, -8.1875]"
test_03145,3,1,"[-2.46875, -0.08984375, -6.96875]"
test_01663,3,1,"[-2.59375, -0.0986328125, -3.96875]"
test_03981,2,1,"[-4.875, -0.0078125]"
test_03356,3,1,"[-2.34375, -0.1015625, -6.96875]"
test_02980,3,2,"[-2.0625, -1.9375, -0.314453125]"
test_03049,3,1,"[-1.0546875, -0.43359375, -5.4375]"
test_04178,3,2,"[-7.0625, -2.9375, -0.055908203125]"
test_01026,2,0,"[-0.5234375, -0.8984375]"
test_00898,3,2,"[-6.5625, -3.046875, -0.050048828125]"
test_00847,3,0,"[-0.28515625, -1.4140625, -5.40625]"
test_01953,3,2,"[-6.34375, -2.46875, -0.0908203125]"
test_00210,3,2,"[-6.3125, -0.828125, -0.578125]"
test_00787,4,3,"[-14.75, -11.875, -12.0, -0.00021457672119140625]"
test_01143,3,2,"[-0.83203125, -4.84375, -0.58203125]"
test_00702,3,0,"[-0.287109375, -1.4140625, -5.15625]"
test_01286,3,2,"[-1.234375, -4.25, -0.36328125]"
test_01272,3,1,"[-2.890625, -0.259765625, -1.7578125]"
test_02222,2,0,"[-0.63671875, -0.76171875]"
test_03330,3,1,"[-1.546875, -0.419921875, -2.046875]"
test_03710,3,0,"[-0.0027313232421875, -6.75, -6.625]"
test_00592,3,0,"[-0.30078125, -2.171875, -1.921875]"
test_02272,3,2,"[-0.85546875, -3.609375, -0.60546875]"
test_00965,2,0,"[-0.0703125, -2.6875]"
test_03288,3,2,"[-0.85546875, -2.359375, -0.73046875]"
test_03654,3,1,"[-4.40625, -0.032958984375, -3.90625]"
test_01409,2,1,"[-11.5, -0.0002002716064453125]"
test_03108,3,0,"[-0.11865234375, -3.25, -2.625]"
test_01607,2,0,"[-0.11474609375, -2.234375]"
test_02749,3,1,"[-4.15625, -0.0169677734375, -7.15625]"
test_01188,2,1,"[-2.34375, -0.10009765625]"
test_01835,2,1,"[-1.2265625, -0.349609375]"
test_02725,4,1,"[-9.25, -0.000286102294921875, -11.125, -10.875]"
test_01793,3,0,"[-0.009765625, -5.625, -5.125]"
test_02499,3,1,"[-4.40625, -0.035888671875, -3.78125]"
test_00185,2,1,"[-5.25, -0.00616455078125]"
test_00740,3,1,"[-6.25, -0.0023193359375, -8.25]"
test_01434,4,0,"[-0.00051116943359375, -8.375, -9.375, -11.0]"
test_01276,2,0,"[-0.004119873046875, -5.625]"
test_03599,3,2,"[-8.625, -8.75, -0.000579833984375]"
test_03050,4,2,"[-8.875, -5.78125, -0.0159912109375, -4.40625]"
test_03637,2,1,"[-4.5, -0.011474609375]"
test_00967,4,0,"[-0.640625, -3.265625, -1.015625, -2.640625]"
test_00502,2,0,"[-0.0008087158203125, -9.25]"
test_00405,3,2,"[-1.203125, -1.328125, -0.83203125]"
test_01689,3,0,"[-0.000835418701171875, -8.25, -9.5]"
test_02950,4,2,"[-3.203125, -1.4609375, -0.333984375, -4.59375]"
test_00349,4,2,"[-3.03125, -1.65625, -0.28515625, -4.65625]"
test_01781,3,1,"[-6.78125, -0.0245361328125, -3.78125]"
test_02368,3,1,"[-4.3125, -0.056640625, -3.1875]"
test_02636,4,0,"[-0.023681640625, -4.53125, -5.90625, -4.65625]"
test_02140,4,1,"[-2.953125, -0.07080078125, -4.3125, -6.0625]"
test_00877,2,0,"[-0.2255859375, -1.6015625]"
test_02484,4,3,"[-5.0625, -2.8125, -6.4375, -0.06982421875]"
test_01364,2,1,"[-4.625, -0.01068115234375]"
test_04077,4,0,"[-0.2353515625, -1.734375, -4.375, -3.859375]"
test_00770,3,0,"[-0.00122833251953125, -8.125, -8.75]"
test_03828,3,0,"[-0.00135040283203125, -8.125, -8.625]"
test_02837,4,1,"[-9.5, -0.000240325927734375, -12.125, -15.125]"
test_02652,2,1,"[-7.375, -0.0016326904296875]"
test_01311,2,1,"[-4.625, -0.0103759765625]"
test_02531,2,0,"[-0.0093994140625, -5.0]"
test_03889,4,1,"[-9.0, -0.00037384033203125, -9.25, -11.25]"
test_01850,4,1,"[-9.75, -0.000213623046875, -10.75, -12.875]"
test_01196,2,1,"[-1.40625, -0.28125]"
test_02417,4,0,"[-0.62890625, -1.6328125, -2.125, -1.8828125]"
test_03870,2,0,"[-0.2021484375, -1.703125]"
test_00342,2,1,"[-1.0546875, -0.4296875]"
test_03133,3,2,"[-3.78125, -5.90625, -0.026123046875]"
test_01809,2,0,"[-0.000339508056640625, -10.0]"
test_00018,2,0,"[-0.1611328125, -1.9140625]"
test_01163,4,1,"[-6.75, -0.002044677734375, -7.5, -8.625]"
test_02757,4,0,"[-0.1787109375, -2.421875, -3.796875, -2.921875]"
test_03795,2,0,"[-0.0150146484375, -4.25]"
test_00388,4,1,"[-1.2109375, -0.58984375, -2.34375, -2.96875]"
test_03213,2,0,"[-0.0002803802490234375, -9.5]"
test_01357,4,3,"[-10.375, -7.625, -7.375, -0.0013427734375]"
test_00845,2,0,"[-0.00125885009765625, -7.0]"
test_03658,2,1,"[-2.578125, -0.07958984375]"
test_03109,3,1,"[-5.0625, -0.0615234375, -2.9375]"
test_01814,2,0,"[-0.008056640625, -4.875]"
test_01914,2,1,"[-2.125, -0.126953125]"
test_03178,3,2,"[-5.71875, -2.578125, -0.08251953125]"
test_03719,4,1,"[-4.03125, -0.03466796875, -4.15625, -7.78125]"
test_03629,2,1,"[-3.171875, -0.043212890625]"
test_00641,3,1,"[-9.25, -0.00244140625, -6.125]"
test_03952,3,0,"[-0.000804901123046875, -9.125, -11.25]"
test_00005,2,1,"[-3.78125, -0.0235595703125]"
test_03911,3,2,"[-5.03125, -4.15625, -0.0228271484375]"
test_00123,2,1,"[-4.375, -0.0130615234375]"
test_00664,3,1,"[-4.5, -0.01531982421875, -5.5]"
test_02424,2,0,"[-0.0025177001953125, -6.25]"
test_03693,2,1,"[-11.0, -0.00017452239990234375]"
test_03767,3,2,"[-10.125, -6.875, -0.0012664794921875]"
test_00558,3,2,"[-10.5, -6.625, -0.00152587890625]"
test_02036,3,0,"[-0.00112152099609375, -8.375, -10.625]"
test_01900,3,1,"[-9.625, -0.000400543212890625, -9.25]"
test_02513,2,1,"[-4.375, -0.01287841796875]"
test_03242,3,0,"[-0.365234375, -1.6171875, -2.234375]"
test_02868,4,0,"[-0.0013885498046875, -7.25, -8.0, -8.75]"
test_02973,3,0,"[-0.0016021728515625, -7.375, -8.0]"
test_03089,2,0,"[-0.00128173828125, -7.125]"
test_00868,3,2,"[-2.0625, -1.1875, -0.56640625]"
test_00168,2,1,"[-1.140625, -0.38671875]"
test_01547,3,1,"[-1.2265625, -0.6015625, -1.8515625]"
test_03843,4,2,"[-3.09375, -3.09375, -0.09912109375, -5.46875]"
test_00601,3,0,"[-0.9140625, -0.9140625, -1.65625]"
test_01950,2,1,"[-9.125, -0.0002994537353515625]"
test_03507,2,0,"[-0.0712890625, -2.6875]"
test_02296,2,0,"[-0.578125, -0.828125]"
test_01961,2,1,"[-1.8046875, -0.1796875]"
test_02190,2,0,"[-0.578125, -0.828125]"
test_02766,2,1,"[-1.703125, -0.2021484375]"
test_03015,3,1,"[-4.03125, -0.0185546875, -8.25]"
test_02874,4,3,"[-2.046875, -1.7890625, -1.6640625, -0.66796875]"
test_00197,2,1,"[-1.0546875, -0.4296875]"
test_03671,2,0,"[-0.003631591796875, -5.75]"
test_03123,4,3,"[-2.625, -2.75, -2.5, -0.251953125]"
test_01634,2,1,"[-9.125, -0.0003223419189453125]"
test_02545,3,2,"[-1.2734375, -1.3984375, -0.765625]"
test_01876,2,0,"[-0.00188446044921875, -6.5]"
test_03852,3,0,"[-0.000553131103515625, -8.625, -9.75]"
test_01018,3,1,"[-9.375, -0.0003108978271484375, -10.625]"
test_00463,2,1,"[-10.0, -0.00019073486328125]"
test_02805,3,1,"[-1.3515625, -0.48046875, -2.109375]"
test_03914,4,0,"[-0.73828125, -1.7421875, -2.109375, -1.4921875]"
test_00461,2,1,"[-0.97265625, -0.474609375]"
test_01840,2,1,"[-1.3125, -0.3125]"
test_04036,2,0,"[-0.1611328125, -1.9140625]"
test_03728,3,2,"[-11.625, -9.875, -0.0001964569091796875]"
test_00742,4,2,"[-3.546875, -2.921875, -0.1748046875, -2.546875]"
test_03517,2,0,"[-0.201171875, -1.703125]"
test_02549,4,2,"[-4.5625, -3.5625, -0.1826171875, -2.0625]"
test_03157,3,0,"[-0.38671875, -1.265625, -3.265625]"
test_04232,3,1,"[-7.0, -0.00151824951171875, -7.625]"
test_03073,3,0,"[-0.1826171875, -3.8125, -1.9296875]"
test_01211,3,2,"[-1.3515625, -3.234375, -0.353515625]"
test_03882,3,1,"[-0.91015625, -0.53515625, -4.53125]"
test_02361,3,0,"[-0.2041015625, -1.703125, -5.84375]"
test_02507,3,1,"[-1.3359375, -0.337890625, -3.71875]"
test_02711,3,1,"[-2.34375, -0.21484375, -2.34375]"
test_02730,3,0,"[-0.53125, -0.90625, -4.90625]"
test_02521,3,1,"[-1.0625, -0.4375, -4.8125]"
test_03895,3,0,"[-0.031982421875, -4.15625, -4.15625]"
test_00198,3,2,"[-3.4375, -0.9296875, -0.5546875]"
test_02785,3,2,"[-5.5, -5.125, -0.0101318359375]"
test_00879,3,0,"[-0.77734375, -0.77734375, -2.53125]"
test_00573,3,0,"[-0.6953125, -1.4453125, -1.3203125]"
test_00735,3,1,"[-3.75, -0.498046875, -0.99609375]"
test_01533,3,0,"[-0.052734375, -3.796875, -3.546875]"
test_02031,3,2,"[-1.40625, -1.78125, -0.53125]"
test_02432,3,1,"[-1.828125, -0.45703125, -1.578125]"
test_02251,2,0,"[-0.01458740234375, -4.25]"
test_01056,3,0,"[-0.38671875, -2.640625, -1.390625]"
test_03290,4,1,"[-9.5, -0.000537872314453125, -11.75, -15.125]"
test_03233,2,1,"[-9.0, -0.0003032684326171875]"
test_01671,2,1,"[-10.375, -0.00020885467529296875]"
test_02446,2,1,"[-0.828125, -0.578125]"
test_00964,2,1,"[-0.97265625, -0.474609375]"
test_03732,2,0,"[-0.11376953125, -2.234375]"
test_03935,3,1,"[-4.875, -0.012939453125, -5.25]"
test_00390,2,0,"[-0.00072479248046875, -9.75]"
test_01769,2,1,"[-10.0, -0.000274658203125]"
test_00067,3,2,"[-9.375, -8.625, -0.000492095947265625]"
test_03214,3,1,"[-1.1875, -0.44140625, -2.9375]"
test_00803,3,1,"[-8.375, -0.000453948974609375, -10.125]"
test_01101,4,0,"[-0.005584716796875, -6.25, -6.375, -6.375]"
test_03692,4,2,"[-8.25, -6.875, -0.004974365234375, -5.625]"
test_00679,2,0,"[-0.349609375, -1.2265625]"
test_02508,3,2,"[-7.5, -7.375, -0.001312255859375]"
test_00805,4,0,"[-0.00174713134765625, -7.25, -7.25, -10.0]"
test_01377,3,0,"[-0.0006256103515625, -8.375, -11.125]"
test_00591,4,1,"[-9.875, -0.0002498626708984375, -10.125, -10.5]"
test_01429,4,1,"[-10.0, -0.00021839141845703125, -10.25, -10.25]"
test_00872,3,0,"[-0.0072021484375, -7.25, -5.125]"
test_03668,2,1,"[-7.875, -0.0005035400390625]"
test_02922,2,0,"[-0.00179290771484375, -6.5]"
test_02136,3,0,"[-0.01556396484375, -4.875, -4.875]"
test_01786,2,1,"[-6.25, -0.00213623046875]"
test_00076,2,0,"[-0.0089111328125, -4.75]"
test_00597,3,1,"[-2.359375, -0.10205078125, -6.21875]"
test_03585,2,0,"[-0.0006103515625, -10.5]"
test_00977,4,1,"[-7.125, -0.00136566162109375, -8.25, -9.375]"
test_04047,4,2,"[-9.3125, -8.5625, -0.578125, -0.828125]"
test_02109,4,2,"[-9.5, -7.75, -0.000762939453125, -8.875]"
test_02254,3,0,"[-0.00106048583984375, -7.375, -9.75]"
test_03200,4,3,"[-10.5, -10.75, -11.75, -0.00026702880859375]"
test_02494,4,0,"[-0.0003910064697265625, -9.75, -9.875, -13.875]"
test_03521,4,3,"[-9.875, -9.625, -12.0, -0.00030517578125]"
test_04216,4,0,"[-0.0054931640625, -5.5, -7.25, -8.125]"
test_01396,2,0,"[-0.04345703125, -3.171875]"
test_03395,4,0,"[-0.00049591064453125, -9.375, -9.875, -12.375]"
test_00775,4,2,"[-8.875, -8.125, -0.000843048095703125, -8.25]"
test_03463,4,3,"[-4.28125, -5.03125, -2.140625, -0.1474609375]"
test_00945,4,1,"[-9.125, -0.0003108978271484375, -9.75, -11.625]"
test_02370,4,3,"[-7.75, -9.25, -10.25, -0.00079345703125]"
test_02990,4,3,"[-7.625, -8.25, -10.75, -0.00098419189453125]"
test_01117,3,2,"[-8.0, -6.125, -0.0027008056640625]"
test_00569,3,2,"[-11.25, -9.5, -0.0002803802490234375]"
test_01787,2,1,"[-1.703125, -0.201171875]"
test_04082,3,2,"[-10.75, -7.5, -0.000743865966796875]"
test_03940,3,2,"[-11.875, -10.375, -0.0001888275146484375]"
test_01982,2,0,"[-0.1806640625, -1.8046875]"
test_01996,2,1,"[-1.0546875, -0.4296875]"
test_01249,2,0,"[-0.07080078125, -2.6875]"
test_00852,2,0,"[-0.09033203125, -2.46875]"
test_02797,2,1,"[-1.703125, -0.2021484375]"
test_00530,2,0,"[-0.002105712890625, -6.375]"
test_02936,2,1,"[-1.0546875, -0.4296875]"
test_02527,4,2,"[-5.5625, -5.8125, -0.69921875, -0.69921875]"
test_01193,2,1,"[-1.9140625, -0.16015625]"
test_01560,2,0,"[-0.69140625, -0.69140625]"
test_00425,3,2,"[-6.21875, -2.578125, -0.0810546875]"
test_02830,4,1,"[-5.84375, -0.0859375, -2.71875, -4.34375]"
test_02420,3,2,"[-4.53125, -0.76953125, -0.64453125]"
test_03476,4,0,"[-0.00122833251953125, -7.5, -7.75, -10.5]"
test_00963,3,2,"[-5.1875, -2.9375, -0.060791015625]"
test_02741,4,1,"[-6.25, -0.00677490234375, -5.5, -7.375]"
test_02319,3,1,"[-1.3671875, -0.494140625, -1.9921875]"
test_01448,4,3,"[-8.125, -6.375, -8.25, -0.00244140625]"
test_04237,4,1,"[-1.7109375, -0.20703125, -5.46875, -6.59375]"
test_00647,3,1,"[-1.2265625, -0.3515625, -6.09375]"
test_01138,4,2,"[-11.5, -10.25, -0.001922607421875, -6.375]"
test_00305,4,1,"[-2.578125, -0.080078125, -7.34375, -9.6875]"
test_04074,4,2,"[-11.5625, -7.5625, -0.049072265625, -3.046875]"
test_02340,3,2,"[-4.0625, -1.8203125, -0.1982421875]"
test_02224,4,2,"[-10.875, -8.0, -0.0004863739013671875, -10.75]"
test_00021,4,0,"[-0.0022735595703125, -7.0, -6.875, -10.875]"
test_00897,4,2,"[-5.65625, -6.40625, -0.0164794921875, -4.53125]"
test_00685,4,0,"[-0.0007781982421875, -8.25, -8.625, -10.5]"
test_01481,4,0,"[-0.003997802734375, -6.0, -6.875, -8.5]"
test_00471,4,2,"[-1.25, -4.125, -0.376953125, -4.5]"
test_03223,4,0,"[-0.000553131103515625, -9.25, -10.625, -13.5]"
test_02333,4,1,"[-9.75, -0.00201416015625, -7.375, -6.75]"
test_03687,4,1,"[-10.0, -0.0003070831298828125, -10.375, -12.25]"
test_03116,4,3,"[-5.375, -5.375, -6.25, -0.0113525390625]"
test_03937,4,2,"[-5.6875, -6.5625, -0.06689453125, -2.8125]"
test_02538,4,1,"[-1.703125, -0.205078125, -6.09375, -6.84375]"
test_01559,4,1,"[-4.625, -0.011962890625, -6.25, -9.125]"
test_02350,4,1,"[-2.609375, -0.10400390625, -5.09375, -3.984375]"
test_00109,4,3,"[-9.625, -11.0, -12.75, -0.00030517578125]"
test_01641,4,3,"[-5.375, -6.0, -6.875, -0.00830078125]"
test_02591,3,1,"[-1.3203125, -0.31640625, -5.6875]"
test_01843,4,1,"[-9.75, -0.0025634765625, -6.25, -8.0]"
test_01824,4,0,"[-0.000583648681640625, -8.375, -9.0, -10.875]"
test_02323,4,0,"[-0.00421142578125, -5.75, -7.375, -9.125]"
test_01224,4,1,"[-9.0, -0.0003681182861328125, -11.5, -13.625]"
test_00831,3,1,"[-7.125, -0.0011138916015625, -10.0]"
test_04023,2,1,"[-14.125, -0.00016117095947265625]"
test_04005,2,1,"[-12.25, -0.000148773193359375]"
test_02940,3,2,"[-1.75, -3.0, -0.25390625]"
test_03793,3,2,"[-1.453125, -3.078125, -0.328125]"
test_02472,2,1,"[-11.75, -0.0002040863037109375]"
test_03660,3,1,"[-6.03125, -0.018798828125, -4.15625]"
test_02945,3,2,"[-1.3671875, -1.9921875, -0.494140625]"
test_00880,2,0,"[-0.0013580322265625, -10.5]"
test_00757,3,2,"[-1.34375, -3.59375, -0.341796875]"
test_03045,3,0,"[-0.00115203857421875, -7.5, -8.125]"
test_01573,3,2,"[-1.2421875, -1.2421875, -0.86328125]"
test_04183,3,2,"[-1.6484375, -3.140625, -0.26953125]"
test_02976,3,2,"[-8.25, -10.125, -0.000553131103515625]"
test_00546,2,0,"[-0.0341796875, -3.40625]"
test_00780,4,3,"[-5.15625, -4.28125, -4.28125, -0.0341796875]"
test_00618,4,0,"[-0.001251220703125, -7.875, -7.5, -10.5]"
test_01563,4,3,"[-8.625, -7.875, -5.875, -0.003570556640625]"
test_04056,4,3,"[-9.25, -7.5, -8.5, -0.0009918212890625]"
test_01148,4,3,"[-6.25, -7.375, -8.375, -0.0030059814453125]"
test_01806,4,1,"[-11.125, -0.000270843505859375, -11.0, -11.5]"
test_03184,3,2,"[-1.734375, -3.484375, -0.232421875]"
test_04037,4,1,"[-9.75, -0.000301361083984375, -10.25, -11.125]"
test_03679,4,0,"[-0.000514984130859375, -9.5, -11.5, -14.5]"
test_02524,4,0,"[-0.0027008056640625, -6.5, -7.125, -8.75]"
test_00267,4,1,"[-9.25, -0.00093841552734375, -8.125, -8.0]"
test_01262,4,1,"[-10.25, -0.0002689361572265625, -11.625, -11.75]"
test_00162,4,3,"[-6.875, -8.875, -9.875, -0.00142669677734375]"
test_00674,4,2,"[-7.75, -7.0, -0.00341796875, -6.25]"
test_02197,4,3,"[-5.75, -6.25, -8.25, -0.00555419921875]"
test_00321,4,0,"[-0.000759124755859375, -8.875, -8.0, -11.25]"
test_04117,4,2,"[-10.625, -9.375, -0.0128173828125, -4.375]"
test_00923,2,0,"[-0.578125, -0.828125]"
test_02262,3,1,"[-3.4375, -0.5546875, -0.9296875]"
test_01729,3,1,"[-4.78125, -0.39453125, -1.1484375]"
test_04016,3,2,"[-3.03125, -1.0234375, -0.5234375]"
test_03743,4,3,"[-4.90625, -4.28125, -4.40625, -0.0341796875]"
test_03655,3,1,"[-0.9296875, -0.5546875, -3.4375]"
test_00391,3,2,"[-1.375, -2.875, -0.37109375]"
test_00104,3,2,"[-1.3828125, -2.75, -0.37890625]"
test_01067,3,1,"[-1.140625, -0.390625, -5.625]"
test_00612,2,1,"[-2.578125, -0.0791015625]"
test_00666,3,1,"[-1.2265625, -0.35546875, -4.96875]"
test_00422,2,1,"[-11.75, -0.000171661376953125]"
test_03598,2,0,"[-0.69140625, -0.69140625]"
test_03310,3,2,"[-1.390625, -2.640625, -0.38671875]"
test_00758,3,0,"[-0.3671875, -1.2421875, -3.984375]"
test_00585,3,2,"[-0.890625, -2.765625, -0.640625]"
test_02357,2,1,"[-3.53125, -0.0301513671875]"
test_00090,2,1,"[-4.15625, -0.0162353515625]"
test_00211,3,1,"[-1.5625, -0.4375, -1.9375]"
test_01289,2,1,"[-13.5, -0.00014972686767578125]"
test_00856,3,2,"[-1.6484375, -3.140625, -0.26953125]"
test_01549,2,0,"[-0.4765625, -0.97265625]"
test_01109,2,0,"[-0.0009613037109375, -9.5]"
test_03698,3,0,"[-0.0091552734375, -5.0, -6.125]"
test_03587,3,1,"[-1.828125, -0.458984375, -1.578125]"
test_02952,2,1,"[-8.5, -0.00041961669921875]"
test_01384,4,2,"[-7.125, -5.875, -0.01043701171875, -5.0]"
test_02091,3,2,"[-1.203125, -1.578125, -0.703125]"
test_01073,2,1,"[-2.015625, -0.142578125]"
test_02740,2,0,"[-0.474609375, -0.97265625]"
test_01732,4,3,"[-8.25, -6.5, -0.7578125, -0.6328125]"
test_03300,2,1,"[-9.75, -0.00021266937255859375]"
test_03617,2,1,"[-12.75, -0.0001583099365234375]"
test_00137,4,1,"[-12.0, -0.00018787384033203125, -13.375, -14.375]"
test_03361,2,1,"[-1.140625, -0.38671875]"
test_03195,2,1,"[-1.3125, -0.3125]"
test_03230,2,0,"[-0.28125, -1.40625]"
test_04014,2,0,"[-0.126953125, -2.125]"
test_02637,2,0,"[-0.5234375, -0.8984375]"
test_00995,2,0,"[-0.00121307373046875, -7.25]"
test_02185,2,0,"[-0.0062255859375, -5.125]"
test_00914,2,0,"[-0.001373291015625, -6.875]"
test_00270,4,1,"[-11.0, -0.00014781951904296875, -12.5, -14.375]"
test_02913,2,0,"[-0.4296875, -1.0546875]"
test_01944,2,1,"[-1.2265625, -0.349609375]"
test_00322,4,2,"[-7.9375, -3.578125, -0.07177734375, -3.203125]"
test_00650,4,3,"[-10.5, -9.25, -9.375, -0.0003070831298828125]"
test_03265,4,2,"[-12.75, -7.625, -0.000614166259765625, -11.75]"
test_01133,2,1,"[-2.34375, -0.10107421875]"
test_03421,4,1,"[-12.0, -0.000141143798828125, -13.5, -15.25]"
test_03322,4,2,"[-11.5, -6.625, -0.00145721435546875, -12.375]"
test_00783,4,0,"[-0.000591278076171875, -11.75, -13.625, -14.625]"
test_01717,2,0,"[-0.142578125, -2.015625]"
test_03855,2,1,"[-9.25, -0.00028228759765625]"
test_02081,4,0,"[-0.0015411376953125, -9.125, -9.75, -6.875]"
test_03390,4,1,"[-9.375, -0.00023174285888671875, -11.5, -11.125]"
test_00264,4,0,"[-0.0002899169921875, -10.0, -12.375, -13.625]"
test_01941,4,2,"[-2.125, -8.625, -0.1298828125, -5.875]"
test_02437,2,0,"[-0.28125, -1.40625]"
test_01191,2,1,"[-1.3125, -0.3125]"
test_03885,2,1,"[-9.5, -0.00028228759765625]"
test_03321,2,1,"[-4.875, -0.0078125]"
test_00951,4,3,"[-11.25, -8.5, -10.375, -0.00038909912109375]"
test_02174,4,3,"[-5.875, -8.375, -8.75, -0.00335693359375]"
test_02750,4,1,"[-1.5546875, -0.55078125, -1.8046875, -3.046875]"
test_00559,4,2,"[-8.875, -9.25, -0.0003509521484375, -11.625]"
test_00522,3,0,"[-0.0556640625, -3.5625, -3.6875]"
test_02094,4,0,"[-0.0002956390380859375, -9.125, -11.25, -13.5]"
test_00174,4,2,"[-12.375, -8.625, -0.0002994537353515625, -11.625]"
test_00357,4,2,"[-10.125, -6.625, -0.0014801025390625, -12.0]"
test_00411,4,1,"[-10.375, -0.00016498565673828125, -11.375, -13.0]"
test_03289,4,0,"[-0.000270843505859375, -10.75, -12.25, -14.625]"
test_04113,4,2,"[-12.625, -9.0, -0.000247955322265625, -11.375]"
test_03865,4,1,"[-10.0, -0.0002269744873046875, -10.5, -11.5]"
test_01694,4,1,"[-9.25, -0.0003261566162109375, -10.125, -10.125]"
test_00822,4,3,"[-4.875, -9.375, -11.25, -0.00787353515625]"
test_01566,2,0,"[-0.1806640625, -1.8046875]"
test_00848,4,1,"[-10.0, -0.0002346038818359375, -11.125, -9.625]"
test_01037,4,2,"[-11.125, -8.75, -0.0003452301025390625, -11.5]"
test_00002,4,1,"[-6.59375, -0.2265625, -9.0, -1.6015625]"
test_02034,4,3,"[-8.25, -8.0, -11.25, -0.00074005126953125]"
test_00144,4,1,"[-11.0, -0.00016307830810546875, -11.75, -13.125]"
test_01918,4,3,"[-10.0, -9.75, -10.75, -0.000263214111328125]"
test_03360,4,2,"[-11.5, -9.75, -0.0002231597900390625, -10.75]"
test_00911,4,1,"[-9.0, -0.0003719329833984375, -10.25, -10.25]"
test_02080,4,0,"[-0.000415802001953125, -10.75, -12.625, -14.125]"
test_00407,4,1,"[-10.375, -0.0001583099365234375, -11.625, -13.625]"
test_03771,4,2,"[-10.5, -5.625, -0.0037689208984375, -11.875]"
test_02562,4,3,"[-9.375, -5.375, -9.5, -0.004913330078125]"
test_01946,4,2,"[-8.875, -4.875, -0.00799560546875, -9.25]"
test_01308,4,3,"[-8.625, -8.375, -10.875, -0.000576019287109375]"
test_04064,4,3,"[-9.5, -9.625, -10.5, -0.000293731689453125]"
test_01126,4,0,"[-0.0003509521484375, -9.5, -10.875, -12.875]"
test_02661,4,0,"[-0.0002727508544921875, -10.5, -12.5, -14.375]"
test_02237,4,0,"[-0.0003299713134765625, -10.5, -12.75, -13.75]"
test_03057,4,2,"[-12.0, -8.125, -0.0004634857177734375, -10.125]"
test_00830,3,0,"[-0.69921875, -1.3203125, -1.4453125]"
test_00291,2,0,"[-0.0062255859375, -5.125]"
test_02411,4,3,"[-7.875, -9.125, -10.25, -0.000667572021484375]"
test_03511,4,1,"[-10.75, -0.000255584716796875, -12.75, -13.375]"
test_02581,4,1,"[-11.375, -0.0001506805419921875, -14.125, -15.625]"
test_04205,4,0,"[-0.000316619873046875, -11.625, -14.0, -15.875]"
test_03959,4,0,"[-0.0003108978271484375, -12.0, -14.125, -15.875]"
test_03746,4,3,"[-6.25, -9.125, -9.625, -0.0022125244140625]"
test_00358,4,1,"[-10.375, -0.0001983642578125, -11.875, -12.875]"
test_01733,4,1,"[-11.625, -0.0001544952392578125, -13.125, -14.5]"
test_00907,4,1,"[-10.625, -0.00018215179443359375, -11.125, -12.75]"
test_01281,4,2,"[-10.75, -8.625, -0.0003414154052734375, -11.0]"
test_03601,4,2,"[-11.5, -8.0, -0.000476837158203125, -12.125]"
test_02086,4,3,"[-8.5, -9.625, -9.5, -0.0004711151123046875]"
test_01815,4,2,"[-11.0, -8.0, -0.00048828125, -10.625]"
test_03163,4,3,"[-9.875, -8.875, -9.625, -0.0003757476806640625]"
test_02504,4,3,"[-8.25, -9.25, -8.0, -0.0008087158203125]"
test_03081,4,0,"[-0.0002384185791015625, -11.0, -13.0, -15.125]"
test_02235,2,1,"[-1.2265625, -0.349609375]"
test_00442,4,2,"[-10.875, -8.0, -0.00057220458984375, -9.25]"
test_02677,4,2,"[-8.625, -6.875, -0.0014190673828125, -9.5]"
test_00392,4,0,"[-0.00026702880859375, -10.75, -12.5, -14.25]"
test_04096,4,1,"[-11.75, -0.000308990478515625, -12.25, -11.75]"
test_02191,4,0,"[-0.000324249267578125, -10.125, -11.875, -13.125]"
test_02901,4,0,"[-0.0003566741943359375, -9.875, -11.5, -13.5]"
test_02988,4,1,"[-10.875, -0.00015544891357421875, -12.375, -14.125]"
test_00692,2,0,"[-0.01171875, -4.5]"
test_01469,4,1,"[-11.875, -0.00020313262939453125, -12.5, -13.25]"
test_03902,4,2,"[-10.75, -8.125, -0.0004787445068359375, -11.375]"
test_01521,3,2,"[-13.375, -11.375, -0.000171661376953125]"
test_01767,2,0,"[-0.007110595703125, -5.125]"
test_03245,4,1,"[-8.5, -0.0004024505615234375, -10.75, -10.5]"
test_01520,4,2,"[-9.875, -7.625, -0.000858306884765625, -8.5]"
test_00212,4,0,"[-0.0002422332763671875, -11.0, -12.625, -15.25]"
test_03736,4,3,"[-11.125, -9.125, -10.625, -0.0002651214599609375]"
test_02571,4,1,"[-12.5, -0.00016021728515625, -12.5, -13.0]"
test_02120,4,1,"[-10.25, -0.00023365020751953125, -13.125, -14.75]"
test_00464,3,0,"[-0.578125, -1.078125, -2.328125]"
test_01605,4,1,"[-9.625, -0.00023174285888671875, -12.25, -13.625]"
test_00465,2,0,"[-0.1279296875, -2.125]"
test_01307,2,0,"[-0.00093841552734375, -7.375]"
test_02423,4,2,"[-6.5, -6.0, -0.010009765625, -5.125]"
test_00929,2,0,"[-0.07080078125, -2.6875]"
test_01296,2,1,"[-9.75, -0.00029754638671875]"
test_04148,2,0,"[-0.00051116943359375, -8.75]"
test_00506,2,1,"[-1.140625, -0.38671875]"
test_02817,2,0,"[-0.234375, -1.609375]"
test_03749,2,1,"[-1.6015625, -0.2255859375]"
test_01142,2,0,"[-0.318359375, -1.3203125]"
test_01550,2,0,"[-0.29296875, -1.4140625]"
test_01575,2,1,"[-1.8046875, -0.18359375]"
test_01089,2,1,"[-2.125, -0.126953125]"
test_00920,2,0,"[-0.0003662109375, -10.375]"
test_02944,2,1,"[-11.25, -0.00021648406982421875]"
test_02444,2,0,"[-0.388671875, -1.140625]"
test_01616,2,0,"[-0.16015625, -1.9140625]"
